feature,importance
hour,0.47329784658919977
temperature,0.19443811247164838
temp_rolling3,0.1877789263089704
temp_lag1,0.1444851146301814
