feature,importance
hour,0.4682920671232228
temp_rolling3,0.1951369949433173
temperature,0.1884831668147395
temp_lag1,0.14808777111872048
